source_tex_line,table_label,initial_mass_msun,metallicity_mass_fraction,initial_helium_label,thermal_pulses,carbon_ignition_footnote,core_mass_first_tp_msun,stellar_duration_myr,rgb_duration_myr,agb_duration_myr,tp_agb_duration_myr
363,tab:modelsz04,1.00,0.04,0.330,6,false,0.573,15200,3347,23.6,0.26
364,tab:modelsz04,1.25,0.04,0.330,7,false,0.580,6620,1811,30.0,0.28
365,tab:modelsz04,1.50,0.04,0.330,8,false,0.582,3452,843,20.8,0.31
366,tab:modelsz04,1.75,0.04,0.330,12,false,0.581,2076,376,19.0,0.49
367,tab:modelsz04,2.00,0.04,0.330,17,false,0.577,1394,169,22.7,0.75
368,tab:modelsz04,2.25,0.04,0.330,23,false,0.571,1132,68.0,25.3,1.1
369,tab:modelsz04,2.50,0.04,0.330,26,false,0.579,851.2,38.8,21.7,1.1
370,tab:modelsz04,2.75,0.04,0.330,28,false,0.584,645.0,25.8,17.9,1.0
371,tab:modelsz04,3.00,0.04,0.330,28,false,0.610,493.1,18.2,13.1,0.90
372,tab:modelsz04,3.25,0.04,0.330,27,false,0.634,443.5,13.2,11.1,0.74
373,tab:modelsz04,3.50,0.04,0.330,22,false,0.672,302.0,10.2,8.29,0.49
374,tab:modelsz04,3.75,0.04,0.330,18,false,0.715,244.2,8.00,6.25,0.31
375,tab:modelsz04,4.00,0.04,0.330,16,false,0.761,203.1,6.37,4.61,0.19
376,tab:modelsz04,4.25,0.04,0.330,14,false,0.809,167.4,5.23,3.86,0.12
377,tab:modelsz04,4.50,0.04,0.330,15,false,0.835,141.6,4.29,3.09,0.10
378,tab:modelsz04,4.75,0.04,0.330,18,false,0.844,121.1,3.61,2.61,0.11
379,tab:modelsz04,5.00,0.04,0.330,21,false,0.854,106.1,3.04,2.18,0.12
380,tab:modelsz04,5.25,0.04,0.330,24,false,0.863,92.5,2.51,1.88,0.12
381,tab:modelsz04,5.50,0.04,0.330,28,false,0.872,82.0,2.22,1.60,0.13
382,tab:modelsz04,5.75,0.04,0.330,30,false,0.883,73.4,1.82,1.38,0.12
383,tab:modelsz04,6.00,0.04,0.330,32,false,0.895,65.3,1.57,1.21,0.12
384,tab:modelsz04,6.25,0.04,0.330,35,false,0.906,59.1,1.31,1.08,0.12
385,tab:modelsz04,6.50,0.04,0.330,37,false,0.920,54.3,1.15,0.90,0.11
386,tab:modelsz04,6.75,0.04,0.330,39,false,0.934,49.1,0.95,0.82,0.10
387,tab:modelsz04,7.00,0.04,0.330,43,false,0.951,44.7,0.82,0.69,0.091
388,tab:modelsz04,7.25,0.04,0.330,45,false,0.970,41.6,0.72,0.62,0.082
389,tab:modelsz04,7.50,0.04,0.330,50,false,0.993,38.7,0.63,0.52,0.074
390,tab:modelsz04,7.75,0.04,0.330,56,false,1.014,36.1,0.55,0.47,0.070
391,tab:modelsz04,8.00,0.04,0.330,64,true,1.039,32.7,0.53,0.45,0.064
579,tab:modelsz06-z07,1.0,0.05,0.354,0,false,,14110,3406,20,
580,tab:modelsz06-z07,1.5,0.05,0.354,4,false,0.603,3222,756.2,20,
581,tab:modelsz06-z07,2.0,0.05,0.354,14,false,0.595,1340,148.7,19,
582,tab:modelsz06-z07,2.5,0.05,0.354,21,false,0.604,787.2,37.2,18,
583,tab:modelsz06-z07,3.0,0.05,0.354,22,false,0.636,450.6,16.8,12,
584,tab:modelsz06-z07,3.5,0.05,0.354,17,false,0.700,276.0,9.6,7.2,
585,tab:modelsz06-z07,4.0,0.05,0.354,12,false,0.787,182.8,6.0,4.5,
586,tab:modelsz06-z07,4.5,0.05,0.354,12,false,0.840,129.8,4.0,2.9,
587,tab:modelsz06-z07,5.0,0.05,0.354,19,false,0.857,96.5,2.8,2.1,
588,tab:modelsz06-z07,5.5,0.05,0.354,26,false,0.874,75.4,2.0,1.5,
589,tab:modelsz06-z07,5.75,0.05,0.354,29,false,0.887,66.9,1.7,1.3,
590,tab:modelsz06-z07,6.0,0.05,0.354,34,false,0.897,53.8,1.4,1.2,
591,tab:modelsz06-z07,6.5,0.05,0.354,39,false,0.915,49.4,1.0,0.91,
592,tab:modelsz06-z07,7.0,0.05,0.354,44,false,0.953,40.8,0.75,0.70,
593,tab:modelsz06-z07,7.5,0.05,0.354,51,false,0.991,35.2,0.58,0.53,
594,tab:modelsz06-z07,8.0,0.05,0.354,59,true,1.034,30.0,0.42,0.44,
596,tab:modelsz06-z07,1.0,0.06,0.375,0,false,,12900,3431,21,
597,tab:modelsz06-z07,1.5,0.06,0.375,1,false,0.616,2986,665,17,
598,tab:modelsz06-z07,2.0,0.06,0.375,8,false,0.621,1265,128,19,
599,tab:modelsz06-z07,2.5,0.06,0.375,15,false,0.631,721.7,33.1,15,
600,tab:modelsz06-z07,3.0,0.06,0.375,15,false,0.664,408.4,15.5,10,
601,tab:modelsz06-z07,3.5,0.06,0.375,12,false,0.732,252.3,8.87,6.1,
602,tab:modelsz06-z07,4.0,0.06,0.375,9,false,0.825,171.0,5.49,3.5,
603,tab:modelsz06-z07,4.5,0.06,0.375,14,false,0.843,118.1,3.73,2.7,
604,tab:modelsz06-z07,5.0,0.06,0.375,18,false,0.862,88.5,2.58,1.9,
605,tab:modelsz06-z07,5.5,0.06,0.375,24,false,0.882,68.4,1.81,1.5,
606,tab:modelsz06-z07,6.0,0.06,0.375,35,false,0.901,53.8,1.37,1.1,
607,tab:modelsz06-z07,6.5,0.06,0.375,41,false,0.926,44.8,0.94,0.91,
608,tab:modelsz06-z07,7.0,0.06,0.375,48,false,0.957,37.6,0.69,0.67,
609,tab:modelsz06-z07,7.5,0.06,0.375,52,false,0.994,31.4,0.50,0.52,
610,tab:modelsz06-z07,8.0,0.06,0.375,66,true,1.041,27.2,0.39,0.42,
612,tab:modelsz06-z07,1.0,0.07,0.396,0,false,,11788,3377,433.776,
613,tab:modelsz06-z07,1.5,0.07,0.396,0,false,,2692,566.1,14.66,
614,tab:modelsz06-z07,2.0,0.07,0.396,2,false,0.651,1142,102.2,16.06,
615,tab:modelsz06-z07,2.5,0.07,0.396,10,false,0.662,636.5,29.85,12.89,
616,tab:modelsz06-z07,3.0,0.07,0.396,12,false,0.697,359.7,14.13,8.943,
617,tab:modelsz06-z07,3.5,0.07,0.396,9,false,0.772,222.5,7.865,5.280,
618,tab:modelsz06-z07,4.0,0.07,0.396,9,false,0.836,145.1,4.716,3.181,
619,tab:modelsz06-z07,4.5,0.07,0.396,16,false,0.852,105.7,3.368,2.409,
620,tab:modelsz06-z07,5.0,0.07,0.396,22,false,0.874,76.65,2.082,1.671,
621,tab:modelsz06-z07,5.5,0.07,0.396,30,false,0.892,61.28,1.525,1.289,
622,tab:modelsz06-z07,6.0,0.07,0.396,40,false,0.914,48.75,1.059,1.036,
623,tab:modelsz06-z07,6.5,0.07,0.396,49,false,0.940,40.00,0.761,0.801,
624,tab:modelsz06-z07,7.0,0.07,0.396,56,false,0.967,33.16,0.546,0.665,
625,tab:modelsz06-z07,7.5,0.07,0.396,61,false,1.003,28.35,0.401,0.508,
626,tab:modelsz06-z07,8.0,0.07,0.396,73,true,1.049,23.86,0.297,0.418,
645,tab:modelsz08-z10,1.0,0.08,0.420,0,false,,10012,2833,415.7,
646,tab:modelsz08-z10,1.5,0.08,0.420,0,false,,2332,459.2,12.44,
647,tab:modelsz08-z10,2.0,0.08,0.420,0,false,,1063,86.29,11.70,
648,tab:modelsz08-z10,2.5,0.08,0.420,1,false,0.694,558.4,26.80,9.881,
649,tab:modelsz08-z10,3.0,0.08,0.420,2,false,0.746,318.7,12.55,6.073,
650,tab:modelsz08-z10,3.5,0.08,0.420,3,false,0.819,196.1,7.094,4.178,
651,tab:modelsz08-z10,4.0,0.08,0.420,6,false,0.845,127.5,4.253,2.845,
652,tab:modelsz08-z10,4.5,0.08,0.420,11,false,0.863,92.58,2.997,2.075,
653,tab:modelsz08-z10,5.0,0.08,0.420,16,false,0.887,68.0,2.0,1.48,
654,tab:modelsz08-z10,5.0,0.08,0.420,16,false,0.887,67.99,1.842,1.484,
655,tab:modelsz08-z10,5.5,0.08,0.420,26,false,0.905,53.80,1.356,1.181,
656,tab:modelsz08-z10,6.0,0.08,0.420,33,false,0.933,42.25,0.908,0.883,
657,tab:modelsz08-z10,6.5,0.08,0.420,45,false,0.962,35.33,0.651,0.676,
658,tab:modelsz08-z10,7.0,0.08,0.420,53,false,0.988,29.19,0.472,0.574,
659,tab:modelsz08-z10,7.5,0.08,0.420,61,false,1.024,24.82,0.348,0.474,
660,tab:modelsz08-z10,8.0,0.08,0.420,46,true,1.094,21.37,0.263,0.370,
663,tab:modelsz08-z10,1.0,0.09,0.438,0,false,,8762,2494,381.8,
664,tab:modelsz08-z10,1.5,0.09,0.438,0,false,,2073,386.3,11.33,
665,tab:modelsz08-z10,2.0,0.09,0.438,0,false,,912.4,70.52,9.938,
666,tab:modelsz08-z10,2.5,0.09,0.438,0,false,,481.8,23.44,7.665,
667,tab:modelsz08-z10,3.0,0.09,0.438,0,false,,273.1,11.15,5.152,
668,tab:modelsz08-z10,3.5,0.09,0.438,1,false,0.834,168.7,6.445,3.691,
669,tab:modelsz08-z10,4.0,0.09,0.438,1,false,0.858,111.7,3.805,2.341,
670,tab:modelsz08-z10,4.5,0.09,0.438,6,false,0.878,80.85,2.575,1.711,
671,tab:modelsz08-z10,5.0,0.09,0.438,11,false,0.901,59.11,1.614,1.306,
672,tab:modelsz08-z10,5.5,0.09,0.438,18,false,0.924,47.19,1.183,0.950,
673,tab:modelsz08-z10,6.0,0.09,0.438,25,false,0.953,37.55,0.801,0.743,
674,tab:modelsz08-z10,6.5,0.09,0.438,34,false,0.985,30.99,0.574,0.587,
675,tab:modelsz08-z10,7.0,0.09,0.438,30,false,1.017,25.26,0.404,0.489,
676,tab:modelsz08-z10,7.5,0.09,0.438,22,true,1.058,21.73,0.299,0.410,
677,tab:modelsz08-z10,8.0,0.09,0.438,0,true,,18.68,0.225,0.304,
679,tab:modelsz08-z10,1.0,0.1,0.459,0,false,,7033,2050,15,
680,tab:modelsz08-z10,1.5,0.1,0.459,0,false,,1779,308.4,7.9,
681,tab:modelsz08-z10,2.0,0.1,0.459,0,false,,790.4,59.5,7.0,
682,tab:modelsz08-z10,2.5,0.1,0.459,0,false,,410.1,20.3,6.0,
683,tab:modelsz08-z10,3.0,0.1,0.459,0,false,,234.0,10.0,3.8,
684,tab:modelsz08-z10,3.5,0.1,0.459,0,false,,146.0,5.8,2.8,
685,tab:modelsz08-z10,4.0,0.1,0.459,0,false,,98.1,3.8,2.0,
686,tab:modelsz08-z10,4.5,0.1,0.459,0,false,0.890,70.3,2.4,1.4,
687,tab:modelsz08-z10,5.0,0.1,0.459,5,false,0.917,52.5,1.6,1.1,
688,tab:modelsz08-z10,5.5,0.1,0.459,7,false,0.945,40.9,1.1,0.81,
689,tab:modelsz08-z10,6.0,0.1,0.459,7,false,0.981,32.5,0.80,0.62,
690,tab:modelsz08-z10,6.5,0.1,0.459,4,false,,26.6,0.57,0.48,
691,tab:modelsz08-z10,7.0,0.1,0.459,0,true,,22.8,0.42,0.37,
692,tab:modelsz08-z10,7.5,0.1,0.459,0,true,,19.6,0.30,0.28,
693,tab:modelsz08-z10,8.0,0.1,0.459,0,true,,17.2,0.23,0.22,
